ecoregion1,ecoregion2,proportion
Atacama desert,Araya and Paria xeric scrub,0
Bolivian Yungas,Araya and Paria xeric scrub,0
Bolivian montane dry forests,Araya and Paria xeric scrub,0
Cauca Valley dry forests,Araya and Paria xeric scrub,0
Cauca Valley montane forests,Araya and Paria xeric scrub,0
Central Andean dry puna,Araya and Paria xeric scrub,0
Central Andean puna,Araya and Paria xeric scrub,0
Central Andean wet puna,Araya and Paria xeric scrub,0
Chilean matorral,Araya and Paria xeric scrub,0
Cordillera Central paramo,Araya and Paria xeric scrub,0
Cordillera La Costa montane forests,Araya and Paria xeric scrub,1
Cordillera Oriental montane forests,Araya and Paria xeric scrub,0.5
Cordillera de Merida paramo,Araya and Paria xeric scrub,1
Eastern Cordillera real montane forests,Araya and Paria xeric scrub,0
High Monte,Araya and Paria xeric scrub,0
La Costa xeric shrublands,Araya and Paria xeric scrub,1
Lake,Araya and Paria xeric scrub,0
Lara Falcon dry forests,Araya and Paria xeric scrub,1
Magdalena Valley dry forests,Araya and Paria xeric scrub,0
Magdalena Valley montane forests,Araya and Paria xeric scrub,0
Magellanic subpolar forests,Araya and Paria xeric scrub,0
Maranon dry forests,Araya and Paria xeric scrub,0
Northern Andean paramo,Araya and Paria xeric scrub,0.333333333
Northwestern Andean montane forests,Araya and Paria xeric scrub,0
Patagonian steppe,Araya and Paria xeric scrub,0
Patia Valley dry forests,Araya and Paria xeric scrub,0
Peruvian Yungas,Araya and Paria xeric scrub,0
Rock and Ice,Araya and Paria xeric scrub,0
Santa Marta montane forests,Araya and Paria xeric scrub,0
Santa Marta paramo,Araya and Paria xeric scrub,0
Southern Andean Yungas,Araya and Paria xeric scrub,0
Southern Andean steppe,Araya and Paria xeric scrub,0
Tumbes Piura dry forests,Araya and Paria xeric scrub,0
Valdivian temperate forests,Araya and Paria xeric scrub,0
Venezuelan Andes montane forests,Araya and Paria xeric scrub,0.5
Araya and Paria xeric scrub,Atacama desert,0
Bolivian Yungas,Atacama desert,0
Bolivian montane dry forests,Atacama desert,0
Cauca Valley dry forests,Atacama desert,0
Cauca Valley montane forests,Atacama desert,0
Central Andean dry puna,Atacama desert,0.25
Central Andean puna,Atacama desert,0.25
Central Andean wet puna,Atacama desert,0
Chilean matorral,Atacama desert,1
Cordillera Central paramo,Atacama desert,0
Cordillera La Costa montane forests,Atacama desert,0
Cordillera Oriental montane forests,Atacama desert,0
Cordillera de Merida paramo,Atacama desert,0
Eastern Cordillera real montane forests,Atacama desert,0
High Monte,Atacama desert,0
La Costa xeric shrublands,Atacama desert,0
Lake,Atacama desert,0
Lara Falcon dry forests,Atacama desert,0
Magdalena Valley dry forests,Atacama desert,0
Magdalena Valley montane forests,Atacama desert,0
Magellanic subpolar forests,Atacama desert,0.5
Maranon dry forests,Atacama desert,0
Northern Andean paramo,Atacama desert,0
Northwestern Andean montane forests,Atacama desert,0
Patagonian steppe,Atacama desert,0.5
Patia Valley dry forests,Atacama desert,0
Peruvian Yungas,Atacama desert,0
Rock and Ice,Atacama desert,0.5
Santa Marta montane forests,Atacama desert,0
Santa Marta paramo,Atacama desert,0
Southern Andean Yungas,Atacama desert,0
Southern Andean steppe,Atacama desert,0.5
Tumbes Piura dry forests,Atacama desert,0
Valdivian temperate forests,Atacama desert,0.5
Venezuelan Andes montane forests,Atacama desert,0
Araya and Paria xeric scrub,Bolivian Yungas,0
Atacama desert,Bolivian Yungas,0
Bolivian montane dry forests,Bolivian Yungas,0.333333333
Cauca Valley dry forests,Bolivian Yungas,0
Cauca Valley montane forests,Bolivian Yungas,0
Central Andean dry puna,Bolivian Yungas,0.5
Central Andean puna,Bolivian Yungas,0.5
Central Andean wet puna,Bolivian Yungas,1
Chilean matorral,Bolivian Yungas,0
Cordillera Central paramo,Bolivian Yungas,0.333333333
Cordillera La Costa montane forests,Bolivian Yungas,0
Cordillera Oriental montane forests,Bolivian Yungas,0
Cordillera de Merida paramo,Bolivian Yungas,0
Eastern Cordillera real montane forests,Bolivian Yungas,0.25
High Monte,Bolivian Yungas,0
La Costa xeric shrublands,Bolivian Yungas,0
Lake,Bolivian Yungas,1
Lara Falcon dry forests,Bolivian Yungas,0
Magdalena Valley dry forests,Bolivian Yungas,0
Magdalena Valley montane forests,Bolivian Yungas,0
Magellanic subpolar forests,Bolivian Yungas,0
Maranon dry forests,Bolivian Yungas,0.5
Northern Andean paramo,Bolivian Yungas,0
Northwestern Andean montane forests,Bolivian Yungas,0
Patagonian steppe,Bolivian Yungas,0
Patia Valley dry forests,Bolivian Yungas,0
Peruvian Yungas,Bolivian Yungas,0.5
Rock and Ice,Bolivian Yungas,0
Santa Marta montane forests,Bolivian Yungas,0
Santa Marta paramo,Bolivian Yungas,0
Southern Andean Yungas,Bolivian Yungas,0.333333333
Southern Andean steppe,Bolivian Yungas,0
Tumbes Piura dry forests,Bolivian Yungas,0.333333333
Valdivian temperate forests,Bolivian Yungas,0
Venezuelan Andes montane forests,Bolivian Yungas,0
Araya and Paria xeric scrub,Bolivian montane dry forests,0
Atacama desert,Bolivian montane dry forests,0
Bolivian Yungas,Bolivian montane dry forests,0.333333333
Cauca Valley dry forests,Bolivian montane dry forests,0
Cauca Valley montane forests,Bolivian montane dry forests,0
Central Andean dry puna,Bolivian montane dry forests,0.5
Central Andean puna,Bolivian montane dry forests,0.5
Central Andean wet puna,Bolivian montane dry forests,0.333333333
Chilean matorral,Bolivian montane dry forests,0
Cordillera Central paramo,Bolivian montane dry forests,0
Cordillera La Costa montane forests,Bolivian montane dry forests,0
Cordillera Oriental montane forests,Bolivian montane dry forests,0
Cordillera de Merida paramo,Bolivian montane dry forests,0
Eastern Cordillera real montane forests,Bolivian montane dry forests,0
High Monte,Bolivian montane dry forests,0.5
La Costa xeric shrublands,Bolivian montane dry forests,0
Lake,Bolivian montane dry forests,0.333333333
Lara Falcon dry forests,Bolivian montane dry forests,0
Magdalena Valley dry forests,Bolivian montane dry forests,0
Magdalena Valley montane forests,Bolivian montane dry forests,0
Magellanic subpolar forests,Bolivian montane dry forests,0.333333333
Maranon dry forests,Bolivian montane dry forests,0
Northern Andean paramo,Bolivian montane dry forests,0
Northwestern Andean montane forests,Bolivian montane dry forests,0
Patagonian steppe,Bolivian montane dry forests,0.333333333
Patia Valley dry forests,Bolivian montane dry forests,0
Peruvian Yungas,Bolivian montane dry forests,0
Rock and Ice,Bolivian montane dry forests,0.333333333
Santa Marta montane forests,Bolivian montane dry forests,0
Santa Marta paramo,Bolivian montane dry forests,0
Southern Andean Yungas,Bolivian montane dry forests,1
Southern Andean steppe,Bolivian montane dry forests,0.333333333
Tumbes Piura dry forests,Bolivian montane dry forests,0
Valdivian temperate forests,Bolivian montane dry forests,0.333333333
Venezuelan Andes montane forests,Bolivian montane dry forests,0
Araya and Paria xeric scrub,Cauca Valley dry forests,0
Atacama desert,Cauca Valley dry forests,0
Bolivian Yungas,Cauca Valley dry forests,0
Bolivian montane dry forests,Cauca Valley dry forests,0
Cauca Valley montane forests,Cauca Valley dry forests,1
Central Andean dry puna,Cauca Valley dry forests,0
Central Andean puna,Cauca Valley dry forests,0
Central Andean wet puna,Cauca Valley dry forests,0
Chilean matorral,Cauca Valley dry forests,0
Cordillera Central paramo,Cauca Valley dry forests,0
Cordillera La Costa montane forests,Cauca Valley dry forests,0
Cordillera Oriental montane forests,Cauca Valley dry forests,0.5
Cordillera de Merida paramo,Cauca Valley dry forests,0
Eastern Cordillera real montane forests,Cauca Valley dry forests,0.333333333
High Monte,Cauca Valley dry forests,0
La Costa xeric shrublands,Cauca Valley dry forests,0
Lake,Cauca Valley dry forests,0
Lara Falcon dry forests,Cauca Valley dry forests,0
Magdalena Valley dry forests,Cauca Valley dry forests,1
Magdalena Valley montane forests,Cauca Valley dry forests,1
Magellanic subpolar forests,Cauca Valley dry forests,0
Maranon dry forests,Cauca Valley dry forests,0
Northern Andean paramo,Cauca Valley dry forests,0.333333333
Northwestern Andean montane forests,Cauca Valley dry forests,0.5
Patagonian steppe,Cauca Valley dry forests,0
Patia Valley dry forests,Cauca Valley dry forests,1
Peruvian Yungas,Cauca Valley dry forests,0
Rock and Ice,Cauca Valley dry forests,0
Santa Marta montane forests,Cauca Valley dry forests,1
Santa Marta paramo,Cauca Valley dry forests,1
Southern Andean Yungas,Cauca Valley dry forests,0
Southern Andean steppe,Cauca Valley dry forests,0
Tumbes Piura dry forests,Cauca Valley dry forests,0
Valdivian temperate forests,Cauca Valley dry forests,0
Venezuelan Andes montane forests,Cauca Valley dry forests,0.5
Araya and Paria xeric scrub,Cauca Valley montane forests,0
Atacama desert,Cauca Valley montane forests,0
Bolivian Yungas,Cauca Valley montane forests,0
Bolivian montane dry forests,Cauca Valley montane forests,0
Cauca Valley dry forests,Cauca Valley montane forests,1
Central Andean dry puna,Cauca Valley montane forests,0
Central Andean puna,Cauca Valley montane forests,0
Central Andean wet puna,Cauca Valley montane forests,0
Chilean matorral,Cauca Valley montane forests,0
Cordillera Central paramo,Cauca Valley montane forests,0
Cordillera La Costa montane forests,Cauca Valley montane forests,0
Cordillera Oriental montane forests,Cauca Valley montane forests,0.5
Cordillera de Merida paramo,Cauca Valley montane forests,0
Eastern Cordillera real montane forests,Cauca Valley montane forests,0.333333333
High Monte,Cauca Valley montane forests,0
La Costa xeric shrublands,Cauca Valley montane forests,0
Lake,Cauca Valley montane forests,0
Lara Falcon dry forests,Cauca Valley montane forests,0
Magdalena Valley dry forests,Cauca Valley montane forests,1
Magdalena Valley montane forests,Cauca Valley montane forests,1
Magellanic subpolar forests,Cauca Valley montane forests,0
Maranon dry forests,Cauca Valley montane forests,0
Northern Andean paramo,Cauca Valley montane forests,0.333333333
Northwestern Andean montane forests,Cauca Valley montane forests,0.5
Patagonian steppe,Cauca Valley montane forests,0
Patia Valley dry forests,Cauca Valley montane forests,1
Peruvian Yungas,Cauca Valley montane forests,0
Rock and Ice,Cauca Valley montane forests,0
Santa Marta montane forests,Cauca Valley montane forests,1
Santa Marta paramo,Cauca Valley montane forests,1
Southern Andean Yungas,Cauca Valley montane forests,0
Southern Andean steppe,Cauca Valley montane forests,0
Tumbes Piura dry forests,Cauca Valley montane forests,0
Valdivian temperate forests,Cauca Valley montane forests,0
Venezuelan Andes montane forests,Cauca Valley montane forests,0.5
Araya and Paria xeric scrub,Central Andean dry puna,0
Atacama desert,Central Andean dry puna,0.25
Bolivian Yungas,Central Andean dry puna,0.5
Bolivian montane dry forests,Central Andean dry puna,0.5
Cauca Valley dry forests,Central Andean dry puna,0
Cauca Valley montane forests,Central Andean dry puna,0
Central Andean puna,Central Andean dry puna,1
Central Andean wet puna,Central Andean dry puna,0.5
Chilean matorral,Central Andean dry puna,0.25
Cordillera Central paramo,Central Andean dry puna,0.2
Cordillera La Costa montane forests,Central Andean dry puna,0
Cordillera Oriental montane forests,Central Andean dry puna,0
Cordillera de Merida paramo,Central Andean dry puna,0
Eastern Cordillera real montane forests,Central Andean dry puna,0.166666667
High Monte,Central Andean dry puna,0.25
La Costa xeric shrublands,Central Andean dry puna,0
Lake,Central Andean dry puna,0.5
Lara Falcon dry forests,Central Andean dry puna,0
Magdalena Valley dry forests,Central Andean dry puna,0
Magdalena Valley montane forests,Central Andean dry puna,0
Magellanic subpolar forests,Central Andean dry puna,0.5
Maranon dry forests,Central Andean dry puna,0.25
Northern Andean paramo,Central Andean dry puna,0
Northwestern Andean montane forests,Central Andean dry puna,0
Patagonian steppe,Central Andean dry puna,0.5
Patia Valley dry forests,Central Andean dry puna,0
Peruvian Yungas,Central Andean dry puna,0.25
Rock and Ice,Central Andean dry puna,0.5
Santa Marta montane forests,Central Andean dry puna,0
Santa Marta paramo,Central Andean dry puna,0
Southern Andean Yungas,Central Andean dry puna,0.5
Southern Andean steppe,Central Andean dry puna,0.5
Tumbes Piura dry forests,Central Andean dry puna,0.2
Valdivian temperate forests,Central Andean dry puna,0.5
Venezuelan Andes montane forests,Central Andean dry puna,0
Araya and Paria xeric scrub,Central Andean puna,0
Atacama desert,Central Andean puna,0.25
Bolivian Yungas,Central Andean puna,0.5
Bolivian montane dry forests,Central Andean puna,0.5
Cauca Valley dry forests,Central Andean puna,0
Cauca Valley montane forests,Central Andean puna,0
Central Andean dry puna,Central Andean puna,1
Central Andean wet puna,Central Andean puna,0.5
Chilean matorral,Central Andean puna,0.25
Cordillera Central paramo,Central Andean puna,0.2
Cordillera La Costa montane forests,Central Andean puna,0
Cordillera Oriental montane forests,Central Andean puna,0
Cordillera de Merida paramo,Central Andean puna,0
Eastern Cordillera real montane forests,Central Andean puna,0.166666667
High Monte,Central Andean puna,0.25
La Costa xeric shrublands,Central Andean puna,0
Lake,Central Andean puna,0.5
Lara Falcon dry forests,Central Andean puna,0
Magdalena Valley dry forests,Central Andean puna,0
Magdalena Valley montane forests,Central Andean puna,0
Magellanic subpolar forests,Central Andean puna,0.5
Maranon dry forests,Central Andean puna,0.25
Northern Andean paramo,Central Andean puna,0
Northwestern Andean montane forests,Central Andean puna,0
Patagonian steppe,Central Andean puna,0.5
Patia Valley dry forests,Central Andean puna,0
Peruvian Yungas,Central Andean puna,0.25
Rock and Ice,Central Andean puna,0.5
Santa Marta montane forests,Central Andean puna,0
Santa Marta paramo,Central Andean puna,0
Southern Andean Yungas,Central Andean puna,0.5
Southern Andean steppe,Central Andean puna,0.5
Tumbes Piura dry forests,Central Andean puna,0.2
Valdivian temperate forests,Central Andean puna,0.5
Venezuelan Andes montane forests,Central Andean puna,0
Araya and Paria xeric scrub,Central Andean wet puna,0
Atacama desert,Central Andean wet puna,0
Bolivian Yungas,Central Andean wet puna,1
Bolivian montane dry forests,Central Andean wet puna,0.333333333
Cauca Valley dry forests,Central Andean wet puna,0
Cauca Valley montane forests,Central Andean wet puna,0
Central Andean dry puna,Central Andean wet puna,0.5
Central Andean puna,Central Andean wet puna,0.5
Chilean matorral,Central Andean wet puna,0
Cordillera Central paramo,Central Andean wet puna,0.333333333
Cordillera La Costa montane forests,Central Andean wet puna,0
Cordillera Oriental montane forests,Central Andean wet puna,0
Cordillera de Merida paramo,Central Andean wet puna,0
Eastern Cordillera real montane forests,Central Andean wet puna,0.25
High Monte,Central Andean wet puna,0
La Costa xeric shrublands,Central Andean wet puna,0
Lake,Central Andean wet puna,1
Lara Falcon dry forests,Central Andean wet puna,0
Magdalena Valley dry forests,Central Andean wet puna,0
Magdalena Valley montane forests,Central Andean wet puna,0
Magellanic subpolar forests,Central Andean wet puna,0
Maranon dry forests,Central Andean wet puna,0.5
Northern Andean paramo,Central Andean wet puna,0
Northwestern Andean montane forests,Central Andean wet puna,0
Patagonian steppe,Central Andean wet puna,0
Patia Valley dry forests,Central Andean wet puna,0
Peruvian Yungas,Central Andean wet puna,0.5
Rock and Ice,Central Andean wet puna,0
Santa Marta montane forests,Central Andean wet puna,0
Santa Marta paramo,Central Andean wet puna,0
Southern Andean Yungas,Central Andean wet puna,0.333333333
Southern Andean steppe,Central Andean wet puna,0
Tumbes Piura dry forests,Central Andean wet puna,0.333333333
Valdivian temperate forests,Central Andean wet puna,0
Venezuelan Andes montane forests,Central Andean wet puna,0
Araya and Paria xeric scrub,Chilean matorral,0
Atacama desert,Chilean matorral,1
Bolivian Yungas,Chilean matorral,0
Bolivian montane dry forests,Chilean matorral,0
Cauca Valley dry forests,Chilean matorral,0
Cauca Valley montane forests,Chilean matorral,0
Central Andean dry puna,Chilean matorral,0.25
Central Andean puna,Chilean matorral,0.25
Central Andean wet puna,Chilean matorral,0
Cordillera Central paramo,Chilean matorral,0
Cordillera La Costa montane forests,Chilean matorral,0
Cordillera Oriental montane forests,Chilean matorral,0
Cordillera de Merida paramo,Chilean matorral,0
Eastern Cordillera real montane forests,Chilean matorral,0
High Monte,Chilean matorral,0
La Costa xeric shrublands,Chilean matorral,0
Lake,Chilean matorral,0
Lara Falcon dry forests,Chilean matorral,0
Magdalena Valley dry forests,Chilean matorral,0
Magdalena Valley montane forests,Chilean matorral,0
Magellanic subpolar forests,Chilean matorral,0.5
Maranon dry forests,Chilean matorral,0
Northern Andean paramo,Chilean matorral,0
Northwestern Andean montane forests,Chilean matorral,0
Patagonian steppe,Chilean matorral,0.5
Patia Valley dry forests,Chilean matorral,0
Peruvian Yungas,Chilean matorral,0
Rock and Ice,Chilean matorral,0.5
Santa Marta montane forests,Chilean matorral,0
Santa Marta paramo,Chilean matorral,0
Southern Andean Yungas,Chilean matorral,0
Southern Andean steppe,Chilean matorral,0.5
Tumbes Piura dry forests,Chilean matorral,0
Valdivian temperate forests,Chilean matorral,0.5
Venezuelan Andes montane forests,Chilean matorral,0
Araya and Paria xeric scrub,Cordillera Central paramo,0
Atacama desert,Cordillera Central paramo,0
Bolivian Yungas,Cordillera Central paramo,0.333333333
Bolivian montane dry forests,Cordillera Central paramo,0
Cauca Valley dry forests,Cordillera Central paramo,0
Cauca Valley montane forests,Cordillera Central paramo,0
Central Andean dry puna,Cordillera Central paramo,0.2
Central Andean puna,Cordillera Central paramo,0.2
Central Andean wet puna,Cordillera Central paramo,0.333333333
Chilean matorral,Cordillera Central paramo,0
Cordillera La Costa montane forests,Cordillera Central paramo,0
Cordillera Oriental montane forests,Cordillera Central paramo,0
Cordillera de Merida paramo,Cordillera Central paramo,0
Eastern Cordillera real montane forests,Cordillera Central paramo,0.666666667
High Monte,Cordillera Central paramo,0
La Costa xeric shrublands,Cordillera Central paramo,0
Lake,Cordillera Central paramo,0.333333333
Lara Falcon dry forests,Cordillera Central paramo,0
Magdalena Valley dry forests,Cordillera Central paramo,0
Magdalena Valley montane forests,Cordillera Central paramo,0
Magellanic subpolar forests,Cordillera Central paramo,0
Maranon dry forests,Cordillera Central paramo,0.5
Northern Andean paramo,Cordillera Central paramo,0.25
Northwestern Andean montane forests,Cordillera Central paramo,0.333333333
Patagonian steppe,Cordillera Central paramo,0
Patia Valley dry forests,Cordillera Central paramo,0
Peruvian Yungas,Cordillera Central paramo,0.5
Rock and Ice,Cordillera Central paramo,0
Santa Marta montane forests,Cordillera Central paramo,0
Santa Marta paramo,Cordillera Central paramo,0
Southern Andean Yungas,Cordillera Central paramo,0
Southern Andean steppe,Cordillera Central paramo,0
Tumbes Piura dry forests,Cordillera Central paramo,1
Valdivian temperate forests,Cordillera Central paramo,0
Venezuelan Andes montane forests,Cordillera Central paramo,0
Araya and Paria xeric scrub,Cordillera La Costa montane forests,1
Atacama desert,Cordillera La Costa montane forests,0
Bolivian Yungas,Cordillera La Costa montane forests,0
Bolivian montane dry forests,Cordillera La Costa montane forests,0
Cauca Valley dry forests,Cordillera La Costa montane forests,0
Cauca Valley montane forests,Cordillera La Costa montane forests,0
Central Andean dry puna,Cordillera La Costa montane forests,0
Central Andean puna,Cordillera La Costa montane forests,0
Central Andean wet puna,Cordillera La Costa montane forests,0
Chilean matorral,Cordillera La Costa montane forests,0
Cordillera Central paramo,Cordillera La Costa montane forests,0
Cordillera Oriental montane forests,Cordillera La Costa montane forests,0.5
Cordillera de Merida paramo,Cordillera La Costa montane forests,1
Eastern Cordillera real montane forests,Cordillera La Costa montane forests,0
High Monte,Cordillera La Costa montane forests,0
La Costa xeric shrublands,Cordillera La Costa montane forests,1
Lake,Cordillera La Costa montane forests,0
Lara Falcon dry forests,Cordillera La Costa montane forests,1
Magdalena Valley dry forests,Cordillera La Costa montane forests,0
Magdalena Valley montane forests,Cordillera La Costa montane forests,0
Magellanic subpolar forests,Cordillera La Costa montane forests,0
Maranon dry forests,Cordillera La Costa montane forests,0
Northern Andean paramo,Cordillera La Costa montane forests,0.333333333
Northwestern Andean montane forests,Cordillera La Costa montane forests,0
Patagonian steppe,Cordillera La Costa montane forests,0
Patia Valley dry forests,Cordillera La Costa montane forests,0
Peruvian Yungas,Cordillera La Costa montane forests,0
Rock and Ice,Cordillera La Costa montane forests,0
Santa Marta montane forests,Cordillera La Costa montane forests,0
Santa Marta paramo,Cordillera La Costa montane forests,0
Southern Andean Yungas,Cordillera La Costa montane forests,0
Southern Andean steppe,Cordillera La Costa montane forests,0
Tumbes Piura dry forests,Cordillera La Costa montane forests,0
Valdivian temperate forests,Cordillera La Costa montane forests,0
Venezuelan Andes montane forests,Cordillera La Costa montane forests,0.5
Araya and Paria xeric scrub,Cordillera Oriental montane forests,0.5
Atacama desert,Cordillera Oriental montane forests,0
Bolivian Yungas,Cordillera Oriental montane forests,0
Bolivian montane dry forests,Cordillera Oriental montane forests,0
Cauca Valley dry forests,Cordillera Oriental montane forests,0.5
Cauca Valley montane forests,Cordillera Oriental montane forests,0.5
Central Andean dry puna,Cordillera Oriental montane forests,0
Central Andean puna,Cordillera Oriental montane forests,0
Central Andean wet puna,Cordillera Oriental montane forests,0
Chilean matorral,Cordillera Oriental montane forests,0
Cordillera Central paramo,Cordillera Oriental montane forests,0
Cordillera La Costa montane forests,Cordillera Oriental montane forests,0.5
Cordillera de Merida paramo,Cordillera Oriental montane forests,0.5
Eastern Cordillera real montane forests,Cordillera Oriental montane forests,0.25
High Monte,Cordillera Oriental montane forests,0
La Costa xeric shrublands,Cordillera Oriental montane forests,0.5
Lake,Cordillera Oriental montane forests,0
Lara Falcon dry forests,Cordillera Oriental montane forests,0.5
Magdalena Valley dry forests,Cordillera Oriental montane forests,0.5
Magdalena Valley montane forests,Cordillera Oriental montane forests,0.5
Magellanic subpolar forests,Cordillera Oriental montane forests,0
Maranon dry forests,Cordillera Oriental montane forests,0
Northern Andean paramo,Cordillera Oriental montane forests,0.666666667
Northwestern Andean montane forests,Cordillera Oriental montane forests,0.333333333
Patagonian steppe,Cordillera Oriental montane forests,0
Patia Valley dry forests,Cordillera Oriental montane forests,0.5
Peruvian Yungas,Cordillera Oriental montane forests,0
Rock and Ice,Cordillera Oriental montane forests,0
Santa Marta montane forests,Cordillera Oriental montane forests,0.5
Santa Marta paramo,Cordillera Oriental montane forests,0.5
Southern Andean Yungas,Cordillera Oriental montane forests,0
Southern Andean steppe,Cordillera Oriental montane forests,0
Tumbes Piura dry forests,Cordillera Oriental montane forests,0
Valdivian temperate forests,Cordillera Oriental montane forests,0
Venezuelan Andes montane forests,Cordillera Oriental montane forests,1
Araya and Paria xeric scrub,Cordillera de Merida paramo,1
Atacama desert,Cordillera de Merida paramo,0
Bolivian Yungas,Cordillera de Merida paramo,0
Bolivian montane dry forests,Cordillera de Merida paramo,0
Cauca Valley dry forests,Cordillera de Merida paramo,0
Cauca Valley montane forests,Cordillera de Merida paramo,0
Central Andean dry puna,Cordillera de Merida paramo,0
Central Andean puna,Cordillera de Merida paramo,0
Central Andean wet puna,Cordillera de Merida paramo,0
Chilean matorral,Cordillera de Merida paramo,0
Cordillera Central paramo,Cordillera de Merida paramo,0
Cordillera La Costa montane forests,Cordillera de Merida paramo,1
Cordillera Oriental montane forests,Cordillera de Merida paramo,0.5
Eastern Cordillera real montane forests,Cordillera de Merida paramo,0
High Monte,Cordillera de Merida paramo,0
La Costa xeric shrublands,Cordillera de Merida paramo,1
Lake,Cordillera de Merida paramo,0
Lara Falcon dry forests,Cordillera de Merida paramo,1
Magdalena Valley dry forests,Cordillera de Merida paramo,0
Magdalena Valley montane forests,Cordillera de Merida paramo,0
Magellanic subpolar forests,Cordillera de Merida paramo,0
Maranon dry forests,Cordillera de Merida paramo,0
Northern Andean paramo,Cordillera de Merida paramo,0.333333333
Northwestern Andean montane forests,Cordillera de Merida paramo,0
Patagonian steppe,Cordillera de Merida paramo,0
Patia Valley dry forests,Cordillera de Merida paramo,0
Peruvian Yungas,Cordillera de Merida paramo,0
Rock and Ice,Cordillera de Merida paramo,0
Santa Marta montane forests,Cordillera de Merida paramo,0
Santa Marta paramo,Cordillera de Merida paramo,0
Southern Andean Yungas,Cordillera de Merida paramo,0
Southern Andean steppe,Cordillera de Merida paramo,0
Tumbes Piura dry forests,Cordillera de Merida paramo,0
Valdivian temperate forests,Cordillera de Merida paramo,0
Venezuelan Andes montane forests,Cordillera de Merida paramo,0.5
Araya and Paria xeric scrub,Eastern Cordillera real montane forests,0
Atacama desert,Eastern Cordillera real montane forests,0
Bolivian Yungas,Eastern Cordillera real montane forests,0.25
Bolivian montane dry forests,Eastern Cordillera real montane forests,0
Cauca Valley dry forests,Eastern Cordillera real montane forests,0.333333333
Cauca Valley montane forests,Eastern Cordillera real montane forests,0.333333333
Central Andean dry puna,Eastern Cordillera real montane forests,0.166666667
Central Andean puna,Eastern Cordillera real montane forests,0.166666667
Central Andean wet puna,Eastern Cordillera real montane forests,0.25
Chilean matorral,Eastern Cordillera real montane forests,0
Cordillera Central paramo,Eastern Cordillera real montane forests,0.666666667
Cordillera La Costa montane forests,Eastern Cordillera real montane forests,0
Cordillera Oriental montane forests,Eastern Cordillera real montane forests,0.25
Cordillera de Merida paramo,Eastern Cordillera real montane forests,0
High Monte,Eastern Cordillera real montane forests,0
La Costa xeric shrublands,Eastern Cordillera real montane forests,0
Lake,Eastern Cordillera real montane forests,0.25
Lara Falcon dry forests,Eastern Cordillera real montane forests,0
Magdalena Valley dry forests,Eastern Cordillera real montane forests,0.333333333
Magdalena Valley montane forests,Eastern Cordillera real montane forests,0.333333333
Magellanic subpolar forests,Eastern Cordillera real montane forests,0
Maranon dry forests,Eastern Cordillera real montane forests,0.333333333
Northern Andean paramo,Eastern Cordillera real montane forests,0.5
Northwestern Andean montane forests,Eastern Cordillera real montane forests,0.666666667
Patagonian steppe,Eastern Cordillera real montane forests,0
Patia Valley dry forests,Eastern Cordillera real montane forests,0.333333333
Peruvian Yungas,Eastern Cordillera real montane forests,0.333333333
Rock and Ice,Eastern Cordillera real montane forests,0
Santa Marta montane forests,Eastern Cordillera real montane forests,0.333333333
Santa Marta paramo,Eastern Cordillera real montane forests,0.333333333
Southern Andean Yungas,Eastern Cordillera real montane forests,0
Southern Andean steppe,Eastern Cordillera real montane forests,0
Tumbes Piura dry forests,Eastern Cordillera real montane forests,0.666666667
Valdivian temperate forests,Eastern Cordillera real montane forests,0
Venezuelan Andes montane forests,Eastern Cordillera real montane forests,0.25
Araya and Paria xeric scrub,High Monte,0
Atacama desert,High Monte,0
Bolivian Yungas,High Monte,0
Bolivian montane dry forests,High Monte,0.5
Cauca Valley dry forests,High Monte,0
Cauca Valley montane forests,High Monte,0
Central Andean dry puna,High Monte,0.25
Central Andean puna,High Monte,0.25
Central Andean wet puna,High Monte,0
Chilean matorral,High Monte,0
Cordillera Central paramo,High Monte,0
Cordillera La Costa montane forests,High Monte,0
Cordillera Oriental montane forests,High Monte,0
Cordillera de Merida paramo,High Monte,0
Eastern Cordillera real montane forests,High Monte,0
La Costa xeric shrublands,High Monte,0
Lake,High Monte,0
Lara Falcon dry forests,High Monte,0
Magdalena Valley dry forests,High Monte,0
Magdalena Valley montane forests,High Monte,0
Magellanic subpolar forests,High Monte,0.5
Maranon dry forests,High Monte,0
Northern Andean paramo,High Monte,0
Northwestern Andean montane forests,High Monte,0
Patagonian steppe,High Monte,0.5
Patia Valley dry forests,High Monte,0
Peruvian Yungas,High Monte,0
Rock and Ice,High Monte,0.5
Santa Marta montane forests,High Monte,0
Santa Marta paramo,High Monte,0
Southern Andean Yungas,High Monte,0.5
Southern Andean steppe,High Monte,0.5
Tumbes Piura dry forests,High Monte,0
Valdivian temperate forests,High Monte,0.5
Venezuelan Andes montane forests,High Monte,0
Araya and Paria xeric scrub,La Costa xeric shrublands,1
Atacama desert,La Costa xeric shrublands,0
Bolivian Yungas,La Costa xeric shrublands,0
Bolivian montane dry forests,La Costa xeric shrublands,0
Cauca Valley dry forests,La Costa xeric shrublands,0
Cauca Valley montane forests,La Costa xeric shrublands,0
Central Andean dry puna,La Costa xeric shrublands,0
Central Andean puna,La Costa xeric shrublands,0
Central Andean wet puna,La Costa xeric shrublands,0
Chilean matorral,La Costa xeric shrublands,0
Cordillera Central paramo,La Costa xeric shrublands,0
Cordillera La Costa montane forests,La Costa xeric shrublands,1
Cordillera Oriental montane forests,La Costa xeric shrublands,0.5
Cordillera de Merida paramo,La Costa xeric shrublands,1
Eastern Cordillera real montane forests,La Costa xeric shrublands,0
High Monte,La Costa xeric shrublands,0
Lake,La Costa xeric shrublands,0
Lara Falcon dry forests,La Costa xeric shrublands,1
Magdalena Valley dry forests,La Costa xeric shrublands,0
Magdalena Valley montane forests,La Costa xeric shrublands,0
Magellanic subpolar forests,La Costa xeric shrublands,0
Maranon dry forests,La Costa xeric shrublands,0
Northern Andean paramo,La Costa xeric shrublands,0.333333333
Northwestern Andean montane forests,La Costa xeric shrublands,0
Patagonian steppe,La Costa xeric shrublands,0
Patia Valley dry forests,La Costa xeric shrublands,0
Peruvian Yungas,La Costa xeric shrublands,0
Rock and Ice,La Costa xeric shrublands,0
Santa Marta montane forests,La Costa xeric shrublands,0
Santa Marta paramo,La Costa xeric shrublands,0
Southern Andean Yungas,La Costa xeric shrublands,0
Southern Andean steppe,La Costa xeric shrublands,0
Tumbes Piura dry forests,La Costa xeric shrublands,0
Valdivian temperate forests,La Costa xeric shrublands,0
Venezuelan Andes montane forests,La Costa xeric shrublands,0.5
Araya and Paria xeric scrub,Lake,0
Atacama desert,Lake,0
Bolivian Yungas,Lake,1
Bolivian montane dry forests,Lake,0.333333333
Cauca Valley dry forests,Lake,0
Cauca Valley montane forests,Lake,0
Central Andean dry puna,Lake,0.5
Central Andean puna,Lake,0.5
Central Andean wet puna,Lake,1
Chilean matorral,Lake,0
Cordillera Central paramo,Lake,0.333333333
Cordillera La Costa montane forests,Lake,0
Cordillera Oriental montane forests,Lake,0
Cordillera de Merida paramo,Lake,0
Eastern Cordillera real montane forests,Lake,0.25
High Monte,Lake,0
La Costa xeric shrublands,Lake,0
Lara Falcon dry forests,Lake,0
Magdalena Valley dry forests,Lake,0
Magdalena Valley montane forests,Lake,0
Magellanic subpolar forests,Lake,0
Maranon dry forests,Lake,0.5
Northern Andean paramo,Lake,0
Northwestern Andean montane forests,Lake,0
Patagonian steppe,Lake,0
Patia Valley dry forests,Lake,0
Peruvian Yungas,Lake,0.5
Rock and Ice,Lake,0
Santa Marta montane forests,Lake,0
Santa Marta paramo,Lake,0
Southern Andean Yungas,Lake,0.333333333
Southern Andean steppe,Lake,0
Tumbes Piura dry forests,Lake,0.333333333
Valdivian temperate forests,Lake,0
Venezuelan Andes montane forests,Lake,0
Araya and Paria xeric scrub,Lara Falcon dry forests,1
Atacama desert,Lara Falcon dry forests,0
Bolivian Yungas,Lara Falcon dry forests,0
Bolivian montane dry forests,Lara Falcon dry forests,0
Cauca Valley dry forests,Lara Falcon dry forests,0
Cauca Valley montane forests,Lara Falcon dry forests,0
Central Andean dry puna,Lara Falcon dry forests,0
Central Andean puna,Lara Falcon dry forests,0
Central Andean wet puna,Lara Falcon dry forests,0
Chilean matorral,Lara Falcon dry forests,0
Cordillera Central paramo,Lara Falcon dry forests,0
Cordillera La Costa montane forests,Lara Falcon dry forests,1
Cordillera Oriental montane forests,Lara Falcon dry forests,0.5
Cordillera de Merida paramo,Lara Falcon dry forests,1
Eastern Cordillera real montane forests,Lara Falcon dry forests,0
High Monte,Lara Falcon dry forests,0
La Costa xeric shrublands,Lara Falcon dry forests,1
Lake,Lara Falcon dry forests,0
Magdalena Valley dry forests,Lara Falcon dry forests,0
Magdalena Valley montane forests,Lara Falcon dry forests,0
Magellanic subpolar forests,Lara Falcon dry forests,0
Maranon dry forests,Lara Falcon dry forests,0
Northern Andean paramo,Lara Falcon dry forests,0.333333333
Northwestern Andean montane forests,Lara Falcon dry forests,0
Patagonian steppe,Lara Falcon dry forests,0
Patia Valley dry forests,Lara Falcon dry forests,0
Peruvian Yungas,Lara Falcon dry forests,0
Rock and Ice,Lara Falcon dry forests,0
Santa Marta montane forests,Lara Falcon dry forests,0
Santa Marta paramo,Lara Falcon dry forests,0
Southern Andean Yungas,Lara Falcon dry forests,0
Southern Andean steppe,Lara Falcon dry forests,0
Tumbes Piura dry forests,Lara Falcon dry forests,0
Valdivian temperate forests,Lara Falcon dry forests,0
Venezuelan Andes montane forests,Lara Falcon dry forests,0.5
Araya and Paria xeric scrub,Magdalena Valley dry forests,0
Atacama desert,Magdalena Valley dry forests,0
Bolivian Yungas,Magdalena Valley dry forests,0
Bolivian montane dry forests,Magdalena Valley dry forests,0
Cauca Valley dry forests,Magdalena Valley dry forests,1
Cauca Valley montane forests,Magdalena Valley dry forests,1
Central Andean dry puna,Magdalena Valley dry forests,0
Central Andean puna,Magdalena Valley dry forests,0
Central Andean wet puna,Magdalena Valley dry forests,0
Chilean matorral,Magdalena Valley dry forests,0
Cordillera Central paramo,Magdalena Valley dry forests,0
Cordillera La Costa montane forests,Magdalena Valley dry forests,0
Cordillera Oriental montane forests,Magdalena Valley dry forests,0.5
Cordillera de Merida paramo,Magdalena Valley dry forests,0
Eastern Cordillera real montane forests,Magdalena Valley dry forests,0.333333333
High Monte,Magdalena Valley dry forests,0
La Costa xeric shrublands,Magdalena Valley dry forests,0
Lake,Magdalena Valley dry forests,0
Lara Falcon dry forests,Magdalena Valley dry forests,0
Magdalena Valley montane forests,Magdalena Valley dry forests,1
Magellanic subpolar forests,Magdalena Valley dry forests,0
Maranon dry forests,Magdalena Valley dry forests,0
Northern Andean paramo,Magdalena Valley dry forests,0.333333333
Northwestern Andean montane forests,Magdalena Valley dry forests,0.5
Patagonian steppe,Magdalena Valley dry forests,0
Patia Valley dry forests,Magdalena Valley dry forests,1
Peruvian Yungas,Magdalena Valley dry forests,0
Rock and Ice,Magdalena Valley dry forests,0
Santa Marta montane forests,Magdalena Valley dry forests,1
Santa Marta paramo,Magdalena Valley dry forests,1
Southern Andean Yungas,Magdalena Valley dry forests,0
Southern Andean steppe,Magdalena Valley dry forests,0
Tumbes Piura dry forests,Magdalena Valley dry forests,0
Valdivian temperate forests,Magdalena Valley dry forests,0
Venezuelan Andes montane forests,Magdalena Valley dry forests,0.5
Araya and Paria xeric scrub,Magdalena Valley montane forests,0
Atacama desert,Magdalena Valley montane forests,0
Bolivian Yungas,Magdalena Valley montane forests,0
Bolivian montane dry forests,Magdalena Valley montane forests,0
Cauca Valley dry forests,Magdalena Valley montane forests,1
Cauca Valley montane forests,Magdalena Valley montane forests,1
Central Andean dry puna,Magdalena Valley montane forests,0
Central Andean puna,Magdalena Valley montane forests,0
Central Andean wet puna,Magdalena Valley montane forests,0
Chilean matorral,Magdalena Valley montane forests,0
Cordillera Central paramo,Magdalena Valley montane forests,0
Cordillera La Costa montane forests,Magdalena Valley montane forests,0
Cordillera Oriental montane forests,Magdalena Valley montane forests,0.5
Cordillera de Merida paramo,Magdalena Valley montane forests,0
Eastern Cordillera real montane forests,Magdalena Valley montane forests,0.333333333
High Monte,Magdalena Valley montane forests,0
La Costa xeric shrublands,Magdalena Valley montane forests,0
Lake,Magdalena Valley montane forests,0
Lara Falcon dry forests,Magdalena Valley montane forests,0
Magdalena Valley dry forests,Magdalena Valley montane forests,1
Magellanic subpolar forests,Magdalena Valley montane forests,0
Maranon dry forests,Magdalena Valley montane forests,0
Northern Andean paramo,Magdalena Valley montane forests,0.333333333
Northwestern Andean montane forests,Magdalena Valley montane forests,0.5
Patagonian steppe,Magdalena Valley montane forests,0
Patia Valley dry forests,Magdalena Valley montane forests,1
Peruvian Yungas,Magdalena Valley montane forests,0
Rock and Ice,Magdalena Valley montane forests,0
Santa Marta montane forests,Magdalena Valley montane forests,1
Santa Marta paramo,Magdalena Valley montane forests,1
Southern Andean Yungas,Magdalena Valley montane forests,0
Southern Andean steppe,Magdalena Valley montane forests,0
Tumbes Piura dry forests,Magdalena Valley montane forests,0
Valdivian temperate forests,Magdalena Valley montane forests,0
Venezuelan Andes montane forests,Magdalena Valley montane forests,0.5
Araya and Paria xeric scrub,Magellanic subpolar forests,0
Atacama desert,Magellanic subpolar forests,0.5
Bolivian Yungas,Magellanic subpolar forests,0
Bolivian montane dry forests,Magellanic subpolar forests,0.333333333
Cauca Valley dry forests,Magellanic subpolar forests,0
Cauca Valley montane forests,Magellanic subpolar forests,0
Central Andean dry puna,Magellanic subpolar forests,0.5
Central Andean puna,Magellanic subpolar forests,0.5
Central Andean wet puna,Magellanic subpolar forests,0
Chilean matorral,Magellanic subpolar forests,0.5
Cordillera Central paramo,Magellanic subpolar forests,0
Cordillera La Costa montane forests,Magellanic subpolar forests,0
Cordillera Oriental montane forests,Magellanic subpolar forests,0
Cordillera de Merida paramo,Magellanic subpolar forests,0
Eastern Cordillera real montane forests,Magellanic subpolar forests,0
High Monte,Magellanic subpolar forests,0.5
La Costa xeric shrublands,Magellanic subpolar forests,0
Lake,Magellanic subpolar forests,0
Lara Falcon dry forests,Magellanic subpolar forests,0
Magdalena Valley dry forests,Magellanic subpolar forests,0
Magdalena Valley montane forests,Magellanic subpolar forests,0
Maranon dry forests,Magellanic subpolar forests,0
Northern Andean paramo,Magellanic subpolar forests,0
Northwestern Andean montane forests,Magellanic subpolar forests,0
Patagonian steppe,Magellanic subpolar forests,1
Patia Valley dry forests,Magellanic subpolar forests,0
Peruvian Yungas,Magellanic subpolar forests,0
Rock and Ice,Magellanic subpolar forests,1
Santa Marta montane forests,Magellanic subpolar forests,0
Santa Marta paramo,Magellanic subpolar forests,0
Southern Andean Yungas,Magellanic subpolar forests,0.333333333
Southern Andean steppe,Magellanic subpolar forests,1
Tumbes Piura dry forests,Magellanic subpolar forests,0
Valdivian temperate forests,Magellanic subpolar forests,1
Venezuelan Andes montane forests,Magellanic subpolar forests,0
Araya and Paria xeric scrub,Maranon dry forests,0
Atacama desert,Maranon dry forests,0
Bolivian Yungas,Maranon dry forests,0.5
Bolivian montane dry forests,Maranon dry forests,0
Cauca Valley dry forests,Maranon dry forests,0
Cauca Valley montane forests,Maranon dry forests,0
Central Andean dry puna,Maranon dry forests,0.25
Central Andean puna,Maranon dry forests,0.25
Central Andean wet puna,Maranon dry forests,0.5
Chilean matorral,Maranon dry forests,0
Cordillera Central paramo,Maranon dry forests,0.5
Cordillera La Costa montane forests,Maranon dry forests,0
Cordillera Oriental montane forests,Maranon dry forests,0
Cordillera de Merida paramo,Maranon dry forests,0
Eastern Cordillera real montane forests,Maranon dry forests,0.333333333
High Monte,Maranon dry forests,0
La Costa xeric shrublands,Maranon dry forests,0
Lake,Maranon dry forests,0.5
Lara Falcon dry forests,Maranon dry forests,0
Magdalena Valley dry forests,Maranon dry forests,0
Magdalena Valley montane forests,Maranon dry forests,0
Magellanic subpolar forests,Maranon dry forests,0
Northern Andean paramo,Maranon dry forests,0
Northwestern Andean montane forests,Maranon dry forests,0
Patagonian steppe,Maranon dry forests,0
Patia Valley dry forests,Maranon dry forests,0
Peruvian Yungas,Maranon dry forests,1
Rock and Ice,Maranon dry forests,0
Santa Marta montane forests,Maranon dry forests,0
Santa Marta paramo,Maranon dry forests,0
Southern Andean Yungas,Maranon dry forests,0
Southern Andean steppe,Maranon dry forests,0
Tumbes Piura dry forests,Maranon dry forests,0.5
Valdivian temperate forests,Maranon dry forests,0
Venezuelan Andes montane forests,Maranon dry forests,0
Araya and Paria xeric scrub,Northern Andean paramo,0.333333333
Atacama desert,Northern Andean paramo,0
Bolivian Yungas,Northern Andean paramo,0
Bolivian montane dry forests,Northern Andean paramo,0
Cauca Valley dry forests,Northern Andean paramo,0.333333333
Cauca Valley montane forests,Northern Andean paramo,0.333333333
Central Andean dry puna,Northern Andean paramo,0
Central Andean puna,Northern Andean paramo,0
Central Andean wet puna,Northern Andean paramo,0
Chilean matorral,Northern Andean paramo,0
Cordillera Central paramo,Northern Andean paramo,0.25
Cordillera La Costa montane forests,Northern Andean paramo,0.333333333
Cordillera Oriental montane forests,Northern Andean paramo,0.666666667
Cordillera de Merida paramo,Northern Andean paramo,0.333333333
Eastern Cordillera real montane forests,Northern Andean paramo,0.5
High Monte,Northern Andean paramo,0
La Costa xeric shrublands,Northern Andean paramo,0.333333333
Lake,Northern Andean paramo,0
Lara Falcon dry forests,Northern Andean paramo,0.333333333
Magdalena Valley dry forests,Northern Andean paramo,0.333333333
Magdalena Valley montane forests,Northern Andean paramo,0.333333333
Magellanic subpolar forests,Northern Andean paramo,0
Maranon dry forests,Northern Andean paramo,0
Northwestern Andean montane forests,Northern Andean paramo,0.666666667
Patagonian steppe,Northern Andean paramo,0
Patia Valley dry forests,Northern Andean paramo,0.333333333
Peruvian Yungas,Northern Andean paramo,0
Rock and Ice,Northern Andean paramo,0
Santa Marta montane forests,Northern Andean paramo,0.333333333
Santa Marta paramo,Northern Andean paramo,0.333333333
Southern Andean Yungas,Northern Andean paramo,0
Southern Andean steppe,Northern Andean paramo,0
Tumbes Piura dry forests,Northern Andean paramo,0.25
Valdivian temperate forests,Northern Andean paramo,0
Venezuelan Andes montane forests,Northern Andean paramo,0.666666667
Araya and Paria xeric scrub,Northwestern Andean montane forests,0
Atacama desert,Northwestern Andean montane forests,0
Bolivian Yungas,Northwestern Andean montane forests,0
Bolivian montane dry forests,Northwestern Andean montane forests,0
Cauca Valley dry forests,Northwestern Andean montane forests,0.5
Cauca Valley montane forests,Northwestern Andean montane forests,0.5
Central Andean dry puna,Northwestern Andean montane forests,0
Central Andean puna,Northwestern Andean montane forests,0
Central Andean wet puna,Northwestern Andean montane forests,0
Chilean matorral,Northwestern Andean montane forests,0
Cordillera Central paramo,Northwestern Andean montane forests,0.333333333
Cordillera La Costa montane forests,Northwestern Andean montane forests,0
Cordillera Oriental montane forests,Northwestern Andean montane forests,0.333333333
Cordillera de Merida paramo,Northwestern Andean montane forests,0
Eastern Cordillera real montane forests,Northwestern Andean montane forests,0.666666667
High Monte,Northwestern Andean montane forests,0
La Costa xeric shrublands,Northwestern Andean montane forests,0
Lake,Northwestern Andean montane forests,0
Lara Falcon dry forests,Northwestern Andean montane forests,0
Magdalena Valley dry forests,Northwestern Andean montane forests,0.5
Magdalena Valley montane forests,Northwestern Andean montane forests,0.5
Magellanic subpolar forests,Northwestern Andean montane forests,0
Maranon dry forests,Northwestern Andean montane forests,0
Northern Andean paramo,Northwestern Andean montane forests,0.666666667
Patagonian steppe,Northwestern Andean montane forests,0
Patia Valley dry forests,Northwestern Andean montane forests,0.5
Peruvian Yungas,Northwestern Andean montane forests,0
Rock and Ice,Northwestern Andean montane forests,0
Santa Marta montane forests,Northwestern Andean montane forests,0.5
Santa Marta paramo,Northwestern Andean montane forests,0.5
Southern Andean Yungas,Northwestern Andean montane forests,0
Southern Andean steppe,Northwestern Andean montane forests,0
Tumbes Piura dry forests,Northwestern Andean montane forests,0.333333333
Valdivian temperate forests,Northwestern Andean montane forests,0
Venezuelan Andes montane forests,Northwestern Andean montane forests,0.333333333
Araya and Paria xeric scrub,Patagonian steppe,0
Atacama desert,Patagonian steppe,0.5
Bolivian Yungas,Patagonian steppe,0
Bolivian montane dry forests,Patagonian steppe,0.333333333
Cauca Valley dry forests,Patagonian steppe,0
Cauca Valley montane forests,Patagonian steppe,0
Central Andean dry puna,Patagonian steppe,0.5
Central Andean puna,Patagonian steppe,0.5
Central Andean wet puna,Patagonian steppe,0
Chilean matorral,Patagonian steppe,0.5
Cordillera Central paramo,Patagonian steppe,0
Cordillera La Costa montane forests,Patagonian steppe,0
Cordillera Oriental montane forests,Patagonian steppe,0
Cordillera de Merida paramo,Patagonian steppe,0
Eastern Cordillera real montane forests,Patagonian steppe,0
High Monte,Patagonian steppe,0.5
La Costa xeric shrublands,Patagonian steppe,0
Lake,Patagonian steppe,0
Lara Falcon dry forests,Patagonian steppe,0
Magdalena Valley dry forests,Patagonian steppe,0
Magdalena Valley montane forests,Patagonian steppe,0
Magellanic subpolar forests,Patagonian steppe,1
Maranon dry forests,Patagonian steppe,0
Northern Andean paramo,Patagonian steppe,0
Northwestern Andean montane forests,Patagonian steppe,0
Patia Valley dry forests,Patagonian steppe,0
Peruvian Yungas,Patagonian steppe,0
Rock and Ice,Patagonian steppe,1
Santa Marta montane forests,Patagonian steppe,0
Santa Marta paramo,Patagonian steppe,0
Southern Andean Yungas,Patagonian steppe,0.333333333
Southern Andean steppe,Patagonian steppe,1
Tumbes Piura dry forests,Patagonian steppe,0
Valdivian temperate forests,Patagonian steppe,1
Venezuelan Andes montane forests,Patagonian steppe,0
Araya and Paria xeric scrub,Patia Valley dry forests,0
Atacama desert,Patia Valley dry forests,0
Bolivian Yungas,Patia Valley dry forests,0
Bolivian montane dry forests,Patia Valley dry forests,0
Cauca Valley dry forests,Patia Valley dry forests,1
Cauca Valley montane forests,Patia Valley dry forests,1
Central Andean dry puna,Patia Valley dry forests,0
Central Andean puna,Patia Valley dry forests,0
Central Andean wet puna,Patia Valley dry forests,0
Chilean matorral,Patia Valley dry forests,0
Cordillera Central paramo,Patia Valley dry forests,0
Cordillera La Costa montane forests,Patia Valley dry forests,0
Cordillera Oriental montane forests,Patia Valley dry forests,0.5
Cordillera de Merida paramo,Patia Valley dry forests,0
Eastern Cordillera real montane forests,Patia Valley dry forests,0.333333333
High Monte,Patia Valley dry forests,0
La Costa xeric shrublands,Patia Valley dry forests,0
Lake,Patia Valley dry forests,0
Lara Falcon dry forests,Patia Valley dry forests,0
Magdalena Valley dry forests,Patia Valley dry forests,1
Magdalena Valley montane forests,Patia Valley dry forests,1
Magellanic subpolar forests,Patia Valley dry forests,0
Maranon dry forests,Patia Valley dry forests,0
Northern Andean paramo,Patia Valley dry forests,0.333333333
Northwestern Andean montane forests,Patia Valley dry forests,0.5
Patagonian steppe,Patia Valley dry forests,0
Peruvian Yungas,Patia Valley dry forests,0
Rock and Ice,Patia Valley dry forests,0
Santa Marta montane forests,Patia Valley dry forests,1
Santa Marta paramo,Patia Valley dry forests,1
Southern Andean Yungas,Patia Valley dry forests,0
Southern Andean steppe,Patia Valley dry forests,0
Tumbes Piura dry forests,Patia Valley dry forests,0
Valdivian temperate forests,Patia Valley dry forests,0
Venezuelan Andes montane forests,Patia Valley dry forests,0.5
Araya and Paria xeric scrub,Peruvian Yungas,0
Atacama desert,Peruvian Yungas,0
Bolivian Yungas,Peruvian Yungas,0.5
Bolivian montane dry forests,Peruvian Yungas,0
Cauca Valley dry forests,Peruvian Yungas,0
Cauca Valley montane forests,Peruvian Yungas,0
Central Andean dry puna,Peruvian Yungas,0.25
Central Andean puna,Peruvian Yungas,0.25
Central Andean wet puna,Peruvian Yungas,0.5
Chilean matorral,Peruvian Yungas,0
Cordillera Central paramo,Peruvian Yungas,0.5
Cordillera La Costa montane forests,Peruvian Yungas,0
Cordillera Oriental montane forests,Peruvian Yungas,0
Cordillera de Merida paramo,Peruvian Yungas,0
Eastern Cordillera real montane forests,Peruvian Yungas,0.333333333
High Monte,Peruvian Yungas,0
La Costa xeric shrublands,Peruvian Yungas,0
Lake,Peruvian Yungas,0.5
Lara Falcon dry forests,Peruvian Yungas,0
Magdalena Valley dry forests,Peruvian Yungas,0
Magdalena Valley montane forests,Peruvian Yungas,0
Magellanic subpolar forests,Peruvian Yungas,0
Maranon dry forests,Peruvian Yungas,1
Northern Andean paramo,Peruvian Yungas,0
Northwestern Andean montane forests,Peruvian Yungas,0
Patagonian steppe,Peruvian Yungas,0
Patia Valley dry forests,Peruvian Yungas,0
Rock and Ice,Peruvian Yungas,0
Santa Marta montane forests,Peruvian Yungas,0
Santa Marta paramo,Peruvian Yungas,0
Southern Andean Yungas,Peruvian Yungas,0
Southern Andean steppe,Peruvian Yungas,0
Tumbes Piura dry forests,Peruvian Yungas,0.5
Valdivian temperate forests,Peruvian Yungas,0
Venezuelan Andes montane forests,Peruvian Yungas,0
Araya and Paria xeric scrub,Rock and Ice,0
Atacama desert,Rock and Ice,0.5
Bolivian Yungas,Rock and Ice,0
Bolivian montane dry forests,Rock and Ice,0.333333333
Cauca Valley dry forests,Rock and Ice,0
Cauca Valley montane forests,Rock and Ice,0
Central Andean dry puna,Rock and Ice,0.5
Central Andean puna,Rock and Ice,0.5
Central Andean wet puna,Rock and Ice,0
Chilean matorral,Rock and Ice,0.5
Cordillera Central paramo,Rock and Ice,0
Cordillera La Costa montane forests,Rock and Ice,0
Cordillera Oriental montane forests,Rock and Ice,0
Cordillera de Merida paramo,Rock and Ice,0
Eastern Cordillera real montane forests,Rock and Ice,0
High Monte,Rock and Ice,0.5
La Costa xeric shrublands,Rock and Ice,0
Lake,Rock and Ice,0
Lara Falcon dry forests,Rock and Ice,0
Magdalena Valley dry forests,Rock and Ice,0
Magdalena Valley montane forests,Rock and Ice,0
Magellanic subpolar forests,Rock and Ice,1
Maranon dry forests,Rock and Ice,0
Northern Andean paramo,Rock and Ice,0
Northwestern Andean montane forests,Rock and Ice,0
Patagonian steppe,Rock and Ice,1
Patia Valley dry forests,Rock and Ice,0
Peruvian Yungas,Rock and Ice,0
Santa Marta montane forests,Rock and Ice,0
Santa Marta paramo,Rock and Ice,0
Southern Andean Yungas,Rock and Ice,0.333333333
Southern Andean steppe,Rock and Ice,1
Tumbes Piura dry forests,Rock and Ice,0
Valdivian temperate forests,Rock and Ice,1
Venezuelan Andes montane forests,Rock and Ice,0
Araya and Paria xeric scrub,Santa Marta montane forests,0
Atacama desert,Santa Marta montane forests,0
Bolivian Yungas,Santa Marta montane forests,0
Bolivian montane dry forests,Santa Marta montane forests,0
Cauca Valley dry forests,Santa Marta montane forests,1
Cauca Valley montane forests,Santa Marta montane forests,1
Central Andean dry puna,Santa Marta montane forests,0
Central Andean puna,Santa Marta montane forests,0
Central Andean wet puna,Santa Marta montane forests,0
Chilean matorral,Santa Marta montane forests,0
Cordillera Central paramo,Santa Marta montane forests,0
Cordillera La Costa montane forests,Santa Marta montane forests,0
Cordillera Oriental montane forests,Santa Marta montane forests,0.5
Cordillera de Merida paramo,Santa Marta montane forests,0
Eastern Cordillera real montane forests,Santa Marta montane forests,0.333333333
High Monte,Santa Marta montane forests,0
La Costa xeric shrublands,Santa Marta montane forests,0
Lake,Santa Marta montane forests,0
Lara Falcon dry forests,Santa Marta montane forests,0
Magdalena Valley dry forests,Santa Marta montane forests,1
Magdalena Valley montane forests,Santa Marta montane forests,1
Magellanic subpolar forests,Santa Marta montane forests,0
Maranon dry forests,Santa Marta montane forests,0
Northern Andean paramo,Santa Marta montane forests,0.333333333
Northwestern Andean montane forests,Santa Marta montane forests,0.5
Patagonian steppe,Santa Marta montane forests,0
Patia Valley dry forests,Santa Marta montane forests,1
Peruvian Yungas,Santa Marta montane forests,0
Rock and Ice,Santa Marta montane forests,0
Santa Marta paramo,Santa Marta montane forests,1
Southern Andean Yungas,Santa Marta montane forests,0
Southern Andean steppe,Santa Marta montane forests,0
Tumbes Piura dry forests,Santa Marta montane forests,0
Valdivian temperate forests,Santa Marta montane forests,0
Venezuelan Andes montane forests,Santa Marta montane forests,0.5
Araya and Paria xeric scrub,Santa Marta paramo,0
Atacama desert,Santa Marta paramo,0
Bolivian Yungas,Santa Marta paramo,0
Bolivian montane dry forests,Santa Marta paramo,0
Cauca Valley dry forests,Santa Marta paramo,1
Cauca Valley montane forests,Santa Marta paramo,1
Central Andean dry puna,Santa Marta paramo,0
Central Andean puna,Santa Marta paramo,0
Central Andean wet puna,Santa Marta paramo,0
Chilean matorral,Santa Marta paramo,0
Cordillera Central paramo,Santa Marta paramo,0
Cordillera La Costa montane forests,Santa Marta paramo,0
Cordillera Oriental montane forests,Santa Marta paramo,0.5
Cordillera de Merida paramo,Santa Marta paramo,0
Eastern Cordillera real montane forests,Santa Marta paramo,0.333333333
High Monte,Santa Marta paramo,0
La Costa xeric shrublands,Santa Marta paramo,0
Lake,Santa Marta paramo,0
Lara Falcon dry forests,Santa Marta paramo,0
Magdalena Valley dry forests,Santa Marta paramo,1
Magdalena Valley montane forests,Santa Marta paramo,1
Magellanic subpolar forests,Santa Marta paramo,0
Maranon dry forests,Santa Marta paramo,0
Northern Andean paramo,Santa Marta paramo,0.333333333
Northwestern Andean montane forests,Santa Marta paramo,0.5
Patagonian steppe,Santa Marta paramo,0
Patia Valley dry forests,Santa Marta paramo,1
Peruvian Yungas,Santa Marta paramo,0
Rock and Ice,Santa Marta paramo,0
Santa Marta montane forests,Santa Marta paramo,1
Southern Andean Yungas,Santa Marta paramo,0
Southern Andean steppe,Santa Marta paramo,0
Tumbes Piura dry forests,Santa Marta paramo,0
Valdivian temperate forests,Santa Marta paramo,0
Venezuelan Andes montane forests,Santa Marta paramo,0.5
Araya and Paria xeric scrub,Southern Andean Yungas,0
Atacama desert,Southern Andean Yungas,0
Bolivian Yungas,Southern Andean Yungas,0.333333333
Bolivian montane dry forests,Southern Andean Yungas,1
Cauca Valley dry forests,Southern Andean Yungas,0
Cauca Valley montane forests,Southern Andean Yungas,0
Central Andean dry puna,Southern Andean Yungas,0.5
Central Andean puna,Southern Andean Yungas,0.5
Central Andean wet puna,Southern Andean Yungas,0.333333333
Chilean matorral,Southern Andean Yungas,0
Cordillera Central paramo,Southern Andean Yungas,0
Cordillera La Costa montane forests,Southern Andean Yungas,0
Cordillera Oriental montane forests,Southern Andean Yungas,0
Cordillera de Merida paramo,Southern Andean Yungas,0
Eastern Cordillera real montane forests,Southern Andean Yungas,0
High Monte,Southern Andean Yungas,0.5
La Costa xeric shrublands,Southern Andean Yungas,0
Lake,Southern Andean Yungas,0.333333333
Lara Falcon dry forests,Southern Andean Yungas,0
Magdalena Valley dry forests,Southern Andean Yungas,0
Magdalena Valley montane forests,Southern Andean Yungas,0
Magellanic subpolar forests,Southern Andean Yungas,0.333333333
Maranon dry forests,Southern Andean Yungas,0
Northern Andean paramo,Southern Andean Yungas,0
Northwestern Andean montane forests,Southern Andean Yungas,0
Patagonian steppe,Southern Andean Yungas,0.333333333
Patia Valley dry forests,Southern Andean Yungas,0
Peruvian Yungas,Southern Andean Yungas,0
Rock and Ice,Southern Andean Yungas,0.333333333
Santa Marta montane forests,Southern Andean Yungas,0
Santa Marta paramo,Southern Andean Yungas,0
Southern Andean steppe,Southern Andean Yungas,0.333333333
Tumbes Piura dry forests,Southern Andean Yungas,0
Valdivian temperate forests,Southern Andean Yungas,0.333333333
Venezuelan Andes montane forests,Southern Andean Yungas,0
Araya and Paria xeric scrub,Southern Andean steppe,0
Atacama desert,Southern Andean steppe,0.5
Bolivian Yungas,Southern Andean steppe,0
Bolivian montane dry forests,Southern Andean steppe,0.333333333
Cauca Valley dry forests,Southern Andean steppe,0
Cauca Valley montane forests,Southern Andean steppe,0
Central Andean dry puna,Southern Andean steppe,0.5
Central Andean puna,Southern Andean steppe,0.5
Central Andean wet puna,Southern Andean steppe,0
Chilean matorral,Southern Andean steppe,0.5
Cordillera Central paramo,Southern Andean steppe,0
Cordillera La Costa montane forests,Southern Andean steppe,0
Cordillera Oriental montane forests,Southern Andean steppe,0
Cordillera de Merida paramo,Southern Andean steppe,0
Eastern Cordillera real montane forests,Southern Andean steppe,0
High Monte,Southern Andean steppe,0.5
La Costa xeric shrublands,Southern Andean steppe,0
Lake,Southern Andean steppe,0
Lara Falcon dry forests,Southern Andean steppe,0
Magdalena Valley dry forests,Southern Andean steppe,0
Magdalena Valley montane forests,Southern Andean steppe,0
Magellanic subpolar forests,Southern Andean steppe,1
Maranon dry forests,Southern Andean steppe,0
Northern Andean paramo,Southern Andean steppe,0
Northwestern Andean montane forests,Southern Andean steppe,0
Patagonian steppe,Southern Andean steppe,1
Patia Valley dry forests,Southern Andean steppe,0
Peruvian Yungas,Southern Andean steppe,0
Rock and Ice,Southern Andean steppe,1
Santa Marta montane forests,Southern Andean steppe,0
Santa Marta paramo,Southern Andean steppe,0
Southern Andean Yungas,Southern Andean steppe,0.333333333
Tumbes Piura dry forests,Southern Andean steppe,0
Valdivian temperate forests,Southern Andean steppe,1
Venezuelan Andes montane forests,Southern Andean steppe,0
Araya and Paria xeric scrub,Tumbes Piura dry forests,0
Atacama desert,Tumbes Piura dry forests,0
Bolivian Yungas,Tumbes Piura dry forests,0.333333333
Bolivian montane dry forests,Tumbes Piura dry forests,0
Cauca Valley dry forests,Tumbes Piura dry forests,0
Cauca Valley montane forests,Tumbes Piura dry forests,0
Central Andean dry puna,Tumbes Piura dry forests,0.2
Central Andean puna,Tumbes Piura dry forests,0.2
Central Andean wet puna,Tumbes Piura dry forests,0.333333333
Chilean matorral,Tumbes Piura dry forests,0
Cordillera Central paramo,Tumbes Piura dry forests,1
Cordillera La Costa montane forests,Tumbes Piura dry forests,0
Cordillera Oriental montane forests,Tumbes Piura dry forests,0
Cordillera de Merida paramo,Tumbes Piura dry forests,0
Eastern Cordillera real montane forests,Tumbes Piura dry forests,0.666666667
High Monte,Tumbes Piura dry forests,0
La Costa xeric shrublands,Tumbes Piura dry forests,0
Lake,Tumbes Piura dry forests,0.333333333
Lara Falcon dry forests,Tumbes Piura dry forests,0
Magdalena Valley dry forests,Tumbes Piura dry forests,0
Magdalena Valley montane forests,Tumbes Piura dry forests,0
Magellanic subpolar forests,Tumbes Piura dry forests,0
Maranon dry forests,Tumbes Piura dry forests,0.5
Northern Andean paramo,Tumbes Piura dry forests,0.25
Northwestern Andean montane forests,Tumbes Piura dry forests,0.333333333
Patagonian steppe,Tumbes Piura dry forests,0
Patia Valley dry forests,Tumbes Piura dry forests,0
Peruvian Yungas,Tumbes Piura dry forests,0.5
Rock and Ice,Tumbes Piura dry forests,0
Santa Marta montane forests,Tumbes Piura dry forests,0
Santa Marta paramo,Tumbes Piura dry forests,0
Southern Andean Yungas,Tumbes Piura dry forests,0
Southern Andean steppe,Tumbes Piura dry forests,0
Valdivian temperate forests,Tumbes Piura dry forests,0
Venezuelan Andes montane forests,Tumbes Piura dry forests,0
Araya and Paria xeric scrub,Valdivian temperate forests,0
Atacama desert,Valdivian temperate forests,0.5
Bolivian Yungas,Valdivian temperate forests,0
Bolivian montane dry forests,Valdivian temperate forests,0.333333333
Cauca Valley dry forests,Valdivian temperate forests,0
Cauca Valley montane forests,Valdivian temperate forests,0
Central Andean dry puna,Valdivian temperate forests,0.5
Central Andean puna,Valdivian temperate forests,0.5
Central Andean wet puna,Valdivian temperate forests,0
Chilean matorral,Valdivian temperate forests,0.5
Cordillera Central paramo,Valdivian temperate forests,0
Cordillera La Costa montane forests,Valdivian temperate forests,0
Cordillera Oriental montane forests,Valdivian temperate forests,0
Cordillera de Merida paramo,Valdivian temperate forests,0
Eastern Cordillera real montane forests,Valdivian temperate forests,0
High Monte,Valdivian temperate forests,0.5
La Costa xeric shrublands,Valdivian temperate forests,0
Lake,Valdivian temperate forests,0
Lara Falcon dry forests,Valdivian temperate forests,0
Magdalena Valley dry forests,Valdivian temperate forests,0
Magdalena Valley montane forests,Valdivian temperate forests,0
Magellanic subpolar forests,Valdivian temperate forests,1
Maranon dry forests,Valdivian temperate forests,0
Northern Andean paramo,Valdivian temperate forests,0
Northwestern Andean montane forests,Valdivian temperate forests,0
Patagonian steppe,Valdivian temperate forests,1
Patia Valley dry forests,Valdivian temperate forests,0
Peruvian Yungas,Valdivian temperate forests,0
Rock and Ice,Valdivian temperate forests,1
Santa Marta montane forests,Valdivian temperate forests,0
Santa Marta paramo,Valdivian temperate forests,0
Southern Andean Yungas,Valdivian temperate forests,0.333333333
Southern Andean steppe,Valdivian temperate forests,1
Tumbes Piura dry forests,Valdivian temperate forests,0
Venezuelan Andes montane forests,Valdivian temperate forests,0
Araya and Paria xeric scrub,Venezuelan Andes montane forests,0.5
Atacama desert,Venezuelan Andes montane forests,0
Bolivian Yungas,Venezuelan Andes montane forests,0
Bolivian montane dry forests,Venezuelan Andes montane forests,0
Cauca Valley dry forests,Venezuelan Andes montane forests,0.5
Cauca Valley montane forests,Venezuelan Andes montane forests,0.5
Central Andean dry puna,Venezuelan Andes montane forests,0
Central Andean puna,Venezuelan Andes montane forests,0
Central Andean wet puna,Venezuelan Andes montane forests,0
Chilean matorral,Venezuelan Andes montane forests,0
Cordillera Central paramo,Venezuelan Andes montane forests,0
Cordillera La Costa montane forests,Venezuelan Andes montane forests,0.5
Cordillera Oriental montane forests,Venezuelan Andes montane forests,1
Cordillera de Merida paramo,Venezuelan Andes montane forests,0.5
Eastern Cordillera real montane forests,Venezuelan Andes montane forests,0.25
High Monte,Venezuelan Andes montane forests,0
La Costa xeric shrublands,Venezuelan Andes montane forests,0.5
Lake,Venezuelan Andes montane forests,0
Lara Falcon dry forests,Venezuelan Andes montane forests,0.5
Magdalena Valley dry forests,Venezuelan Andes montane forests,0.5
Magdalena Valley montane forests,Venezuelan Andes montane forests,0.5
Magellanic subpolar forests,Venezuelan Andes montane forests,0
Maranon dry forests,Venezuelan Andes montane forests,0
Northern Andean paramo,Venezuelan Andes montane forests,0.666666667
Northwestern Andean montane forests,Venezuelan Andes montane forests,0.333333333
Patagonian steppe,Venezuelan Andes montane forests,0
Patia Valley dry forests,Venezuelan Andes montane forests,0.5
Peruvian Yungas,Venezuelan Andes montane forests,0
Rock and Ice,Venezuelan Andes montane forests,0
Santa Marta montane forests,Venezuelan Andes montane forests,0.5
Santa Marta paramo,Venezuelan Andes montane forests,0.5
Southern Andean Yungas,Venezuelan Andes montane forests,0
Southern Andean steppe,Venezuelan Andes montane forests,0
Tumbes Piura dry forests,Venezuelan Andes montane forests,0
Valdivian temperate forests,Venezuelan Andes montane forests,0
